{
  "Scale 0.5-1.5\n(51.43% mIoU)\nZoom-In": {
    "Simple Max Logits": {
      "fpr95": 0.313103315868982,
      "auroc": 0.9049935357111044,
      "aupr": 0.08017975835644992,
      "f1": 0.151970647376864,
      "threshold": -2.02262020111084
    }
  },
  "Scale 0.75-1.25\n(51.37% mIoU)\nConservative": {
    "Simple Max Logits": {
      "fpr95": 0.33582785572458534,
      "auroc": 0.8981812220276771,
      "aupr": 0.07410343216573823,
      "f1": 0.14169954901186405,
      "threshold": -2.297487735748291
    }
  },
  "Scale 0.7-2.0\n(51.05% mIoU)\nZoom-Out": {
    "Simple Max Logits": {
      "fpr95": 0.27896951906510986,
      "auroc": 0.9067682268634316,
      "aupr": 0.07741285854398047,
      "f1": 0.14446545201075628,
      "threshold": -2.172128677368164
    }
  },
  "Scale 0.5-2.0\n(49.90% mIoU)\nBaseline": {
    "Simple Max Logits": {
      "fpr95": 0.2807388582659263,
      "auroc": 0.9120935122550056,
      "aupr": 0.08899143862482611,
      "f1": 0.1620824164448958,
      "threshold": -1.9776955842971802
    }
  },
  "Scale 0.3-3.0\n(49.88% mIoU)\nAggressive": {
    "Simple Max Logits": {
      "fpr95": 0.3131245358137091,
      "auroc": 0.9008560540421146,
      "aupr": 0.07777745365066899,
      "f1": 0.14556192458150843,
      "threshold": -2.265101909637451
    }
  },
  "Scale 0.4-2.5\n(49.55% mIoU)\nExtended": {
    "Simple Max Logits": {
      "fpr95": 0.319868436342692,
      "auroc": 0.8984817358890652,
      "aupr": 0.07547653301433233,
      "f1": 0.14127597869613948,
      "threshold": -2.076740026473999
    }
  },
  "Scale 0.9-1.1\n(49.27% mIoU)\nMinimal": {
    "Simple Max Logits": {
      "fpr95": 0.30497708751206254,
      "auroc": 0.9057351921552567,
      "aupr": 0.08165478466037934,
      "f1": 0.15129490169480705,
      "threshold": -1.7982147932052612
    }
  }
}