{
  "ResNet50\n(50.26% mIoU)\nAugmented": {
    "Simple Max Logits": {
      "fpr95": 0.33127870376451923,
      "auroc": 0.9050390846712278,
      "aupr": 0.08435296948182663,
      "f1": 0.16351082302668893,
      "threshold": -2.1747241020202637
    },
    "Maximum Softmax Probability": {
      "fpr95": 0.338712757733912,
      "auroc": 0.8750669820036341,
      "aupr": 0.06275770839332268,
      "f1": 0.1168696902455532,
      "threshold": -0.5037784576416016
    },
    "Standardized Max Logits": {
      "fpr95": 0.8390740020310519,
      "auroc": 0.8024919043239668,
      "aupr": 0.0541498226114837,
      "f1": 0.12168967042783453,
      "threshold": 1.919418215751648
    },
    "Energy Score": {
      "fpr95": 0.33068555578571895,
      "auroc": 0.9061290399447581,
      "aupr": 0.08317766568263252,
      "f1": 0.16169678799389098,
      "threshold": -2.81428599357605
    },
    "HEAT": {
      "fpr95": 0.33068555578571895,
      "auroc": 0.9061290399447581,
      "aupr": 0.08317766568263252,
      "f1": 0.16169678799389098,
      "threshold": -2.81428599357605
    }
  },
  "ResNet50\n(37.57% mIoU)\nBaseline": {
    "Simple Max Logits": {
      "fpr95": 0.3726343550905132,
      "auroc": 0.8760550019426999,
      "aupr": 0.06192416983219406,
      "f1": 0.11982790975507203,
      "threshold": -1.4835307598114014
    },
    "Maximum Softmax Probability": {
      "fpr95": 0.4301990127673334,
      "auroc": 0.8467636205565914,
      "aupr": 0.05489712533555634,
      "f1": 0.11622962433539011,
      "threshold": -0.38928714394569397
    },
    "Standardized Max Logits": {
      "fpr95": 0.7589222289025752,
      "auroc": 0.7837293811328856,
      "aupr": 0.037039980718796,
      "f1": 0.07485202827324827,
      "threshold": 1.5675297975540161
    },
    "Energy Score": {
      "fpr95": 0.3666897391462509,
      "auroc": 0.8764307046395027,
      "aupr": 0.059064252706761064,
      "f1": 0.11508957920626377,
      "threshold": -2.3581275939941406
    },
    "HEAT": {
      "fpr95": 0.3666897391462509,
      "auroc": 0.8764307046395027,
      "aupr": 0.059064252706761064,
      "f1": 0.11508957920626377,
      "threshold": -2.3581275939941406
    }
  },
  "ResNet101\n(37.07% mIoU)\nBaseline": {
    "Simple Max Logits": {
      "fpr95": 0.3614160776447882,
      "auroc": 0.8774746199495251,
      "aupr": 0.06344850490804275,
      "f1": 0.12128579774235693,
      "threshold": -1.533360481262207
    },
    "Maximum Softmax Probability": {
      "fpr95": 0.4316308537996332,
      "auroc": 0.8369374895441517,
      "aupr": 0.04959589526612661,
      "f1": 0.10516348568021287,
      "threshold": -0.4457895755767822
    },
    "Standardized Max Logits": {
      "fpr95": 0.6468869835848571,
      "auroc": 0.7900134804630604,
      "aupr": 0.037515913189202825,
      "f1": 0.08040339846477253,
      "threshold": 1.866409420967102
    },
    "Energy Score": {
      "fpr95": 0.35634248990789535,
      "auroc": 0.8799772979298982,
      "aupr": 0.06301911786355129,
      "f1": 0.12020658163376863,
      "threshold": -2.0844149589538574
    },
    "HEAT": {
      "fpr95": 0.35634248990789535,
      "auroc": 0.8799772979298982,
      "aupr": 0.06301911786355129,
      "f1": 0.12020658163376863,
      "threshold": -2.0844149589538574
    }
  },
  "SegFormer-B5\n(35.57% mIoU)\nBaseline": {
    "Simple Max Logits": {
      "fpr95": 0.29828977350235186,
      "auroc": 0.9092464157027141,
      "aupr": 0.08354999680353756,
      "f1": 0.15043417599027833,
      "threshold": -1.7327969074249268
    },
    "Maximum Softmax Probability": {
      "fpr95": 0.3631672283215529,
      "auroc": 0.8799900923384435,
      "aupr": 0.06912303312428392,
      "f1": 0.13982970152919086,
      "threshold": -0.4411410689353943
    },
    "Standardized Max Logits": {
      "fpr95": 0.6795030491039625,
      "auroc": 0.8266171816366265,
      "aupr": 0.04686481548033561,
      "f1": 0.0986348930524121,
      "threshold": 1.9861540794372559
    },
    "Energy Score": {
      "fpr95": 0.2845230817422585,
      "auroc": 0.9107827500347907,
      "aupr": 0.0832345962368589,
      "f1": 0.1496454837362956,
      "threshold": -2.4709579944610596
    },
    "HEAT": {
      "fpr95": 0.2845230817422585,
      "auroc": 0.9107827500347907,
      "aupr": 0.0832345962368589,
      "f1": 0.1496454837362956,
      "threshold": -2.4709579944610596
    }
  },
  "SegFormer-B5\n(54.12% mIoU)\nAugmented": {
    "Simple Max Logits": {
      "fpr95": 0.6874766362694007,
      "auroc": 0.839132832882004,
      "aupr": 0.0788108911060189,
      "f1": 0.15842200584523833,
      "threshold": -1.0062921047210693
    },
    "Maximum Softmax Probability": {
      "fpr95": 0.5381690109539272,
      "auroc": 0.8604885300304246,
      "aupr": 0.06716942359208243,
      "f1": 0.12917247596213774,
      "threshold": -0.5079506635665894
    },
    "Standardized Max Logits": {
      "fpr95": 0.7968684013247361,
      "auroc": 0.7480555068293815,
      "aupr": 0.04109701394917681,
      "f1": 0.10010083864507185,
      "threshold": 1.9370970726013184
    },
    "Energy Score": {
      "fpr95": 0.6892952185430731,
      "auroc": 0.8335596357086199,
      "aupr": 0.07130186320061566,
      "f1": 0.14829823669006661,
      "threshold": -1.5592846870422363
    },
    "HEAT": {
      "fpr95": 0.6892952185430731,
      "auroc": 0.8335596357086199,
      "aupr": 0.07130186320061566,
      "f1": 0.14829823669006661,
      "threshold": -1.5592846870422363
    }
  },
  "Hiera-Base\n(32.83% mIoU)\n224": {
    "Simple Max Logits": {
      "fpr95": 0.3967642589239524,
      "auroc": 0.8773206296444087,
      "aupr": 0.06392294192992344,
      "f1": 0.12374596915117146,
      "threshold": -1.904685139656067
    },
    "Maximum Softmax Probability": {
      "fpr95": 0.4097823978272116,
      "auroc": 0.8560793425451975,
      "aupr": 0.05153406346925575,
      "f1": 0.10803062876428057,
      "threshold": -0.43763887882232666
    },
    "Standardized Max Logits": {
      "fpr95": 0.7784946084454216,
      "auroc": 0.7841704335192652,
      "aupr": 0.037534492013725815,
      "f1": 0.08052892925339795,
      "threshold": 1.711536169052124
    },
    "Energy Score": {
      "fpr95": 0.39855672853078117,
      "auroc": 0.8793697198381658,
      "aupr": 0.07090712879589856,
      "f1": 0.13257371202377544,
      "threshold": -2.6357269287109375
    },
    "HEAT": {
      "fpr95": 0.39855672853078117,
      "auroc": 0.8793697198381658,
      "aupr": 0.07090712879589856,
      "f1": 0.13257371202377544,
      "threshold": -2.6357269287109375
    }
  },
  "Hiera-Large\n(46.77% mIoU)\n224": {
    "Simple Max Logits": {
      "fpr95": 0.34533836652871186,
      "auroc": 0.8995894186222004,
      "aupr": 0.08637545353124602,
      "f1": 0.1592622022791427,
      "threshold": -2.6315536499023438
    },
    "Maximum Softmax Probability": {
      "fpr95": 0.3829660825142266,
      "auroc": 0.8682043711830616,
      "aupr": 0.06016365139047141,
      "f1": 0.12559166925015677,
      "threshold": -0.498942106962204
    },
    "Standardized Max Logits": {
      "fpr95": 0.801747203181583,
      "auroc": 0.7934829363751675,
      "aupr": 0.04505681283598275,
      "f1": 0.09372484992590017,
      "threshold": 2.200798749923706
    },
    "Energy Score": {
      "fpr95": 0.3442663201629591,
      "auroc": 0.901487997838266,
      "aupr": 0.08904944641361742,
      "f1": 0.16284940974872436,
      "threshold": -3.1591837406158447
    },
    "HEAT": {
      "fpr95": 0.3442663201629591,
      "auroc": 0.901487997838266,
      "aupr": 0.08904944641361742,
      "f1": 0.16284940974872436,
      "threshold": -3.1591837406158447
    }
  }
}